Workbook

Sheet Maintenance Log
A1: Machine ID | B1: Machine Name | C1: Operator Name | D1: Department | E1: Sent Date | F1: Received Date | G1: Repair Days | H1: Problem | I1: Vendor | J1: Cost (₹) | K1: Month | L1: Remarks
B2: middle square tool | C2: Rushikesh | D2: punching | E2: 46146 | F2: 46150 | G2: =IF(AND(F2<>"",E2<>""),F2-E2,"") -> 4 | H2: punch not proper | I2: Maurya | K2: =IF(E2<>"",TEXT(E2,"MMM-YYYY"),"") -> May-2026 | L2: send to repaire 10:30 am
B3: Square tool | D3: punching | E3: 46161 | F3: 46166 | G3: =IF(AND(F3<>"",E3<>""),F3-E3,"") -> 5 | H3: punch not proper | I3: maurya | K3: =IF(E3<>"",TEXT(E3,"MMM-YYYY"),"") -> May-2026 | L3: send to repaire 10:30 am
B4: mini circle 2-hole (middle 65 trolley | C4: Bharati | D4: punching | E4: 46161 | F4: 46166 | G4: =IF(AND(F4<>"",E4<>""),F4-E4,"") -> 5 | H4: punch not proper ( one circle not proper puch) | K4: =IF(E4<>"",TEXT(E4,"MMM-YYYY"),"") -> May-2026 | L4: send to repaire 10:30 am
B5: middle Square tool | D5: punching | E5: 46169 | G5: =IF(AND(F5<>"",E5<>""),F5-E5,"") | H5: punch not proper, and pipe was getting stuck while punching hole | I5: Maurya | K5: =IF(E5<>"",TEXT(E5,"MMM-YYYY"),"") -> May-2026 | L5: send to repaire 11:30 am
G6: =IF(AND(F6<>"",E6<>""),F6-E6,"") | K6: =IF(E6<>"",TEXT(E6,"MMM-YYYY"),"")
G7: =IF(AND(F7<>"",E7<>""),F7-E7,"") | K7: =IF(E7<>"",TEXT(E7,"MMM-YYYY"),"")
G8: =IF(AND(F8<>"",E8<>""),F8-E8,"") | K8: =IF(E8<>"",TEXT(E8,"MMM-YYYY"),"")
G9: =IF(AND(F9<>"",E9<>""),F9-E9,"") | K9: =IF(E9<>"",TEXT(E9,"MMM-YYYY"),"")
G10: =IF(AND(F10<>"",E10<>""),F10-E10,"") | K10: =IF(E10<>"",TEXT(E10,"MMM-YYYY"),"")
G11: =IF(AND(F11<>"",E11<>""),F11-E11,"") | K11: =IF(E11<>"",TEXT(E11,"MMM-YYYY"),"")
G12: =IF(AND(F12<>"",E12<>""),F12-E12,"") | K12: =IF(E12<>"",TEXT(E12,"MMM-YYYY"),"")
G13: =IF(AND(F13<>"",E13<>""),F13-E13,"") | K13: =IF(E13<>"",TEXT(E13,"MMM-YYYY"),"")
G14: =IF(AND(F14<>"",E14<>""),F14-E14,"") | K14: =IF(E14<>"",TEXT(E14,"MMM-YYYY"),"")
G15: =IF(AND(F15<>"",E15<>""),F15-E15,"") | K15: =IF(E15<>"",TEXT(E15,"MMM-YYYY"),"")
G16: =IF(AND(F16<>"",E16<>""),F16-E16,"") | K16: =IF(E16<>"",TEXT(E16,"MMM-YYYY"),"")
G17: =IF(AND(F17<>"",E17<>""),F17-E17,"") | K17: =IF(E17<>"",TEXT(E17,"MMM-YYYY"),"")
... G94: =IF(AND(F94<>"",E94<>""),F94-E94,"") | K94: =IF(E94<>"",TEXT(E94,"MMM-YYYY"),"")

Sheet Monthly Summary
A1: Month | B1: Total Repairs | C1: Total Cost (₹) | D1: Avg Repair Days
A2: 46143 | B2: =COUNTIF('Maintenance Log'!K:K,A2) -> 4 | C2: =SUMIF('Maintenance Log'!K:K,A2,'Maintenance Log'!J:J) -> 0 | D2: =AVERAGEIF('Maintenance Log'!K:K,A2,'Maintenance Log'!G:G) -> 4.6666667
B3: =COUNTIF('Maintenance Log'!K:K,A3) -> 0 | C3: =SUMIF('Maintenance Log'!K:K,A3,'Maintenance Log'!J:J) -> 0 | D3: =AVERAGEIF('Maintenance Log'!K:K,A3,'Maintenance Log'!G:G) -> #DIV/0!
B4: =COUNTIF('Maintenance Log'!K:K,A4) -> 0 | C4: =SUMIF('Maintenance Log'!K:K,A4,'Maintenance Log'!J:J) -> 0 | D4: =AVERAGEIF('Maintenance Log'!K:K,A4,'Maintenance Log'!G:G) -> #DIV/0!
B5: =COUNTIF('Maintenance Log'!K:K,A5) -> 0 | C5: =SUMIF('Maintenance Log'!K:K,A5,'Maintenance Log'!J:J) -> 0 | D5: =AVERAGEIF('Maintenance Log'!K:K,A5,'Maintenance Log'!G:G) -> #DIV/0!
B6: =COUNTIF('Maintenance Log'!K:K,A6) -> 0 | C6: =SUMIF('Maintenance Log'!K:K,A6,'Maintenance Log'!J:J) -> 0 | D6: =AVERAGEIF('Maintenance Log'!K:K,A6,'Maintenance Log'!G:G) -> #DIV/0!
B7: =COUNTIF('Maintenance Log'!K:K,A7) -> 0 | C7: =SUMIF('Maintenance Log'!K:K,A7,'Maintenance Log'!J:J) -> 0 | D7: =AVERAGEIF('Maintenance Log'!K:K,A7,'Maintenance Log'!G:G) -> #DIV/0!
B8: =COUNTIF('Maintenance Log'!K:K,A8) -> 0 | C8: =SUMIF('Maintenance Log'!K:K,A8,'Maintenance Log'!J:J) -> 0 | D8: =AVERAGEIF('Maintenance Log'!K:K,A8,'Maintenance Log'!G:G) -> #DIV/0!
B9: =COUNTIF('Maintenance Log'!K:K,A9) -> 0 | C9: =SUMIF('Maintenance Log'!K:K,A9,'Maintenance Log'!J:J) -> 0 | D9: =AVERAGEIF('Maintenance Log'!K:K,A9,'Maintenance Log'!G:G) -> #DIV/0!
B10: =COUNTIF('Maintenance Log'!K:K,A10) -> 0 | C10: =SUMIF('Maintenance Log'!K:K,A10,'Maintenance Log'!J:J) -> 0 | D10: =AVERAGEIF('Maintenance Log'!K:K,A10,'Maintenance Log'!G:G) -> #DIV/0!
B11: =COUNTIF('Maintenance Log'!K:K,A11) -> 0 | C11: =SUMIF('Maintenance Log'!K:K,A11,'Maintenance Log'!J:J) -> 0 | D11: =AVERAGEIF('Maintenance Log'!K:K,A11,'Maintenance Log'!G:G) -> #DIV/0!
B12: =COUNTIF('Maintenance Log'!K:K,A12) -> 0 | C12: =SUMIF('Maintenance Log'!K:K,A12,'Maintenance Log'!J:J) -> 0 | D12: =AVERAGEIF('Maintenance Log'!K:K,A12,'Maintenance Log'!G:G) -> #DIV/0!
B13: =COUNTIF('Maintenance Log'!K:K,A13) -> 0 | C13: =SUMIF('Maintenance Log'!K:K,A13,'Maintenance Log'!J:J) -> 0 | D13: =AVERAGEIF('Maintenance Log'!K:K,A13,'Maintenance Log'!G:G) -> #DIV/0!
B14: =COUNTIF('Maintenance Log'!K:K,A14) -> 0 | C14: =SUMIF('Maintenance Log'!K:K,A14,'Maintenance Log'!J:J) -> 0 | D14: =AVERAGEIF('Maintenance Log'!K:K,A14,'Maintenance Log'!G:G) -> #DIV/0!
... B19: =COUNTIF('Maintenance Log'!K:K,A19) -> 0 | C19: =SUMIF('Maintenance Log'!K:K,A19,'Maintenance Log'!J:J) -> 0 | D19: =AVERAGEIF('Maintenance Log'!K:K,A19,'Maintenance Log'!G:G) -> #DIV/0!

Sheet Operator Tracking
A1: Operator Name | B1: Total Issues | C1: Total Cost (₹) | D1: Avg Repair Days
A2: Rushikesh | B2: =COUNTIF('Maintenance Log'!C:C,A2) -> 1 | C2: =SUMIF('Maintenance Log'!C:C,A2,'Maintenance Log'!J:J) -> 0 | D2: =AVERAGEIF('Maintenance Log'!C:C,A2,'Maintenance Log'!G:G) -> 4
B3: =COUNTIF('Maintenance Log'!C:C,A3) -> 0 | C3: =SUMIF('Maintenance Log'!C:C,A3,'Maintenance Log'!J:J) -> 0 | D3: =AVERAGEIF('Maintenance Log'!C:C,A3,'Maintenance Log'!G:G) -> #DIV/0!
B4: =COUNTIF('Maintenance Log'!C:C,A4) -> 0 | C4: =SUMIF('Maintenance Log'!C:C,A4,'Maintenance Log'!J:J) -> 0 | D4: =AVERAGEIF('Maintenance Log'!C:C,A4,'Maintenance Log'!G:G) -> #DIV/0!
B5: =COUNTIF('Maintenance Log'!C:C,A5) -> 0 | C5: =SUMIF('Maintenance Log'!C:C,A5,'Maintenance Log'!J:J) -> 0 | D5: =AVERAGEIF('Maintenance Log'!C:C,A5,'Maintenance Log'!G:G) -> #DIV/0!
B6: =COUNTIF('Maintenance Log'!C:C,A6) -> 0 | C6: =SUMIF('Maintenance Log'!C:C,A6,'Maintenance Log'!J:J) -> 0 | D6: =AVERAGEIF('Maintenance Log'!C:C,A6,'Maintenance Log'!G:G) -> #DIV/0!
B7: =COUNTIF('Maintenance Log'!C:C,A7) -> 0 | C7: =SUMIF('Maintenance Log'!C:C,A7,'Maintenance Log'!J:J) -> 0 | D7: =AVERAGEIF('Maintenance Log'!C:C,A7,'Maintenance Log'!G:G) -> #DIV/0!
B8: =COUNTIF('Maintenance Log'!C:C,A8) -> 0 | C8: =SUMIF('Maintenance Log'!C:C,A8,'Maintenance Log'!J:J) -> 0 | D8: =AVERAGEIF('Maintenance Log'!C:C,A8,'Maintenance Log'!G:G) -> #DIV/0!
B9: =COUNTIF('Maintenance Log'!C:C,A9) -> 0 | C9: =SUMIF('Maintenance Log'!C:C,A9,'Maintenance Log'!J:J) -> 0 | D9: =AVERAGEIF('Maintenance Log'!C:C,A9,'Maintenance Log'!G:G) -> #DIV/0!
B10: =COUNTIF('Maintenance Log'!C:C,A10) -> 0 | C10: =SUMIF('Maintenance Log'!C:C,A10,'Maintenance Log'!J:J) -> 0 | D10: =AVERAGEIF('Maintenance Log'!C:C,A10,'Maintenance Log'!G:G) -> #DIV/0!
B11: =COUNTIF('Maintenance Log'!C:C,A11) -> 0 | C11: =SUMIF('Maintenance Log'!C:C,A11,'Maintenance Log'!J:J) -> 0 | D11: =AVERAGEIF('Maintenance Log'!C:C,A11,'Maintenance Log'!G:G) -> #DIV/0!
B12: =COUNTIF('Maintenance Log'!C:C,A12) -> 0 | C12: =SUMIF('Maintenance Log'!C:C,A12,'Maintenance Log'!J:J) -> 0 | D12: =AVERAGEIF('Maintenance Log'!C:C,A12,'Maintenance Log'!G:G) -> #DIV/0!
B13: =COUNTIF('Maintenance Log'!C:C,A13) -> 0 | C13: =SUMIF('Maintenance Log'!C:C,A13,'Maintenance Log'!J:J) -> 0 | D13: =AVERAGEIF('Maintenance Log'!C:C,A13,'Maintenance Log'!G:G) -> #DIV/0!
B14: =COUNTIF('Maintenance Log'!C:C,A14) -> 0 | C14: =SUMIF('Maintenance Log'!C:C,A14,'Maintenance Log'!J:J) -> 0 | D14: =AVERAGEIF('Maintenance Log'!C:C,A14,'Maintenance Log'!G:G) -> #DIV/0!
... B19: =COUNTIF('Maintenance Log'!C:C,A19) -> 0 | C19: =SUMIF('Maintenance Log'!C:C,A19,'Maintenance Log'!J:J) -> 0 | D19: =AVERAGEIF('Maintenance Log'!C:C,A19,'Maintenance Log'!G:G) -> #DIV/0!

Sheet Blade Use
A1: Machine | B1: Date | C1: End date | D1: Total Use days
A2: cutting 2 | B2: 46128 | C2: 46157 | D2: =IF(AND(B2<>"",C2<>""),C2-B2,"") -> 29
A3: cutting 2 | B3: 46157 | C3: 46170 | D3: =IF(AND(B3<>"",C3<>""),C3-B3,"") -> 13
A4: Cutting 2 | B4: 46171 | D4: =IF(AND(B4<>"",C4<>""),C4-B4,"")
A5: cutting 1

Sheet Blade
A1: Date | B1: Recieve date | C1: Days | D1: Qty | E1: Machine
A2: 46147 | B2: 46150 | C2: =IF(AND(A2<>"",B2<>""),B2-A2,"") -> 3 | D2: 1 | E2: cutting-2
A3: 46157 | B3: 46160 | C3: =IF(AND(A3<>"",B3<>""),B3-A3,"") -> 3 | D3: 1 | E3: cutting-1
A4: 46157 | B4: 46160 | C4: =IF(AND(A4<>"",B4<>""),B4-A4,"") -> 3 | D4: 1 | E4: cutting-2
A5: 46171 | C5: =IF(AND(A5<>"",B5<>""),B5-A5,"") | D5: 1 | E5: cutting-2
C6: =IF(AND(A6<>"",B6<>""),B6-A6,"")
C7: =IF(AND(A7<>"",B7<>""),B7-A7,"")
